,0
0,https://e27.co/startups/iterative-indie-games-fund
1,https://e27.co/startups/augmenteed
2,https://e27.co/startups/ayodeal
3,https://e27.co/startups/fourfang
4,https://e27.co/startups/esevel-pte-ltd
5,https://e27.co/startups/memori
6,https://e27.co/startups/buzz-ar
7,https://e27.co/startups/theiterativeco
8,https://e27.co/startups/taggle-pte-ltd
9,https://e27.co/startups/knnb-pte-ltd
10,https://e27.co/startups/ssivixlab
11,https://e27.co/startups/color-experts-india
12,https://e27.co/startups/connectupz
13,https://e27.co/startups/carbonate
14,https://e27.co/startups/our-feeders
15,https://e27.co/startups/nmgresources-inc
16,https://e27.co/startups/bantoo-indonesia
17,https://e27.co/startups/talentora
18,https://e27.co/startups/UangTeman
19,https://e27.co/startups/mangdropship
20,https://e27.co/startups/himalyan-acoustics
21,https://e27.co/startups/trendypuff
22,https://e27.co/startups/manatal
23,https://e27.co/startups/digitallylearn
24,https://e27.co/startups/smplrspace
25,https://e27.co/startups/mobreel
26,https://e27.co/startups/hellosme-pte-ltd
27,https://e27.co/startups/liron-lib-power-pte-ltd
28,https://e27.co/startups/treedots
29,https://e27.co/startups/pb-digitals
30,https://e27.co/startups/navisteps
31,https://e27.co/startups/delvify
32,https://e27.co/startups/uniqa
33,https://e27.co/startups/predicthq
34,https://e27.co/startups/ren-hr-consulting-sdn-bhd
35,https://e27.co/startups/insurevite
36,https://e27.co/startups/nova
37,https://e27.co/startups/a-winsome-life
38,https://e27.co/startups/taphomes
39,https://e27.co/startups/goama
40,https://e27.co/startups/gharpeshiksha
41,https://e27.co/startups/idealhub-com
42,https://e27.co/startups/hopscotch
43,https://e27.co/startups/beknown
44,https://e27.co/startups/skillcard-inc
45,https://e27.co/startups/flexible-pass
46,https://e27.co/startups/smartjen
47,https://e27.co/startups/exmarkets-exchange
48,https://e27.co/startups/proglobalbusinesssolutions
49,https://e27.co/startups/rentickle
50,https://e27.co/startups/ricult
51,https://e27.co/startups/clik
52,https://e27.co/startups/umroh-com
53,https://e27.co/startups/fpl-online-pte-ltd
54,https://e27.co/startups/prefme
55,https://e27.co/startups/telnovo-communications
56,https://e27.co/startups/clubwalrus
57,https://e27.co/startups/jadore
58,https://e27.co/startups/rapid-guys
59,https://e27.co/startups/babysoft-software
60,https://e27.co/startups/algol-it-solutions
61,https://e27.co/startups/ikala
62,https://e27.co/startups/impester-media
63,https://e27.co/startups/fametick-media-inc
64,https://e27.co/startups/akadasia
65,https://e27.co/startups/adjust
66,https://e27.co/startups/velocity
67,https://e27.co/startups/amanotes
68,https://e27.co/startups/csschopper
69,https://e27.co/startups/date-out
70,https://e27.co/startups/juristech
71,https://e27.co/startups/devrolabs
72,https://e27.co/startups/idea-ink
73,https://e27.co/startups/revivo-biosystems-pte-ltd
74,https://e27.co/startups/sqwiftstars
75,https://e27.co/startups/vantage-circle
76,https://e27.co/startups/kyopay-technologies
77,https://e27.co/startups/banyan-nation
78,https://e27.co/startups/istore-isend
79,https://e27.co/startups/kitabeli
80,https://e27.co/startups/waterdrop
81,https://e27.co/startups/coequal-associates-private-limited
82,https://e27.co/startups/digital-bangar
83,https://e27.co/startups/tiki
84,https://e27.co/startups/flydesk
85,https://e27.co/startups/uzi-world-digital
86,https://e27.co/startups/policywoke-pte-ltd
87,https://e27.co/startups/famolive-inc
88,https://e27.co/startups/INSITEK
89,https://e27.co/startups/unabiz-1
90,https://e27.co/startups/ampd
91,https://e27.co/startups/ekutir
92,https://e27.co/startups/webcommander
93,https://e27.co/startups/nitex
94,https://e27.co/startups/incomlend
95,https://e27.co/startups/coinjoker-cryptocurrency-exchange-script
96,https://e27.co/startups/leverloan
97,https://e27.co/startups/sourceme
98,https://e27.co/startups/dropee
99,https://e27.co/startups/hugaf-web-and-mobile-application-development-company-in-indonesia
100,https://e27.co/startups/neat
101,https://e27.co/startups/salescandy
102,https://e27.co/startups/reverse_ads
103,https://e27.co/startups/goodlinker-co-ltd
104,https://e27.co/startups/imagine-penguins
105,https://e27.co/startups/tutorvista-com
106,https://e27.co/startups/canws-technologies
107,https://e27.co/startups/propseller
108,https://e27.co/startups/futurite-education
109,https://e27.co/startups/jobshine-pvt-ltd
110,https://e27.co/startups/augmentus
111,https://e27.co/startups/we-sport-ventures
112,https://e27.co/startups/ibl-infotech
113,https://e27.co/startups/winbizsolutions
114,https://e27.co/startups/getblock
115,https://e27.co/startups/efishery
116,https://e27.co/startups/delete_delete_ltd
117,https://e27.co/startups/hardnox-pte-ltd
118,https://e27.co/startups/sansan
119,https://e27.co/startups/terra-do
120,https://e27.co/startups/confirmu
121,https://e27.co/startups/see-mode
122,https://e27.co/startups/mojob-app
123,https://e27.co/startups/cid-auto
124,https://e27.co/startups/kabar-games
125,https://e27.co/startups/seebiz
126,https://e27.co/startups/anchanto-pte-ltd
127,https://e27.co/startups/zeusx
128,https://e27.co/startups/ruanglaptop
129,https://e27.co/startups/international-bilingual-institue
130,https://e27.co/startups/selfdrvn-enterprise
131,https://e27.co/startups/autofun-co-id
132,https://e27.co/startups/greenarc-capital
133,https://e27.co/startups/pertana
134,https://e27.co/startups/bukukas
135,https://e27.co/startups/yesmom
136,https://e27.co/startups/inpact-ai
137,https://e27.co/startups/shipsfocus-services-pte-ltd
138,https://e27.co/startups/aegis.custody
139,https://e27.co/startups/wpweb
140,https://e27.co/startups/pixelplex
141,https://e27.co/startups/moneyguides
142,https://e27.co/startups/GoByBus-hk
143,https://e27.co/startups/sorabel
144,https://e27.co/startups/reap
145,https://e27.co/startups/inexture-solutions-llp
146,https://e27.co/startups/lowcards
147,https://e27.co/startups/e-port-agency-pte-ltd
148,https://e27.co/startups/shuttle
149,https://e27.co/startups/gigmalaysia
150,https://e27.co/startups/aruna
151,https://e27.co/startups/ventii-eats
152,https://e27.co/startups/zantrik
153,https://e27.co/startups/alt-capital
154,https://e27.co/startups/selfdrvn
155,https://e27.co/startups/trukita
156,https://e27.co/startups/microsec
157,https://e27.co/startups/begin-invest
158,https://e27.co/startups/podcast-network-asia
159,https://e27.co/startups/vphrase-analytics
160,https://e27.co/startups/mvllabs
161,https://e27.co/startups/ZealousWeb
162,https://e27.co/startups/qualee-technology
163,https://e27.co/startups/autofun
164,https://e27.co/startups/lightsout
165,https://e27.co/startups/pouchnation
166,https://e27.co/startups/workbean
167,https://e27.co/startups/earningkart
168,https://e27.co/startups/kinkao-ltd
169,https://e27.co/startups/sugar-technology
170,https://e27.co/startups/epic-journey-consultancy-pte-ltd
171,https://e27.co/startups/all-india-database
172,https://e27.co/startups/onzla
173,https://e27.co/startups/compliy
174,https://e27.co/startups/petskita
175,https://e27.co/startups/alphanova-pte-ltd
176,https://e27.co/startups/quadrant-io
177,https://e27.co/startups/mavsocial
178,https://e27.co/startups/senti
179,https://e27.co/startups/smctravel
180,https://e27.co/startups/jireh-group-getdoc
181,https://e27.co/startups/linecare-inc
182,https://e27.co/startups/pergiumroh
183,https://e27.co/startups/bacou
184,https://e27.co/startups/algomerchant
185,https://e27.co/startups/join-wonder
186,https://e27.co/startups/ble-mobile-apps
187,https://e27.co/startups/tueetor
188,https://e27.co/startups/reorder
189,https://e27.co/startups/channelways
190,https://e27.co/startups/griyasid
191,https://e27.co/startups/jaie-group-pte-ltd
192,https://e27.co/startups/dotyeti-com
193,https://e27.co/startups/leaderonomics
194,https://e27.co/startups/tictag
195,https://e27.co/startups/dika
196,https://e27.co/startups/shuttle-delivery
197,https://e27.co/startups/shipsfocus-intelligence
198,https://e27.co/startups/adzymic
199,https://e27.co/startups/booqed
200,https://e27.co/startups/detrack
201,https://e27.co/startups/sansan-inc
202,https://e27.co/startups/xavio-infotech
203,https://e27.co/startups/bykido
204,https://e27.co/startups/emthings-technologies-private-limited
205,https://e27.co/startups/microleap
206,https://e27.co/startups/ayubo-life
207,https://e27.co/startups/onchain-custodian-pte-ltd
208,https://e27.co/startups/xbyte-enterprise-solutions
209,https://e27.co/startups/x0pa-ai
210,https://e27.co/startups/smart-satu-global-pte-ltd
211,https://e27.co/startups/2hats-logic
212,https://e27.co/startups/piggybacksg
213,https://e27.co/startups/allrites
214,https://e27.co/startups/wantedly
215,https://e27.co/startups/24-fix
216,https://e27.co/startups/listinguish
217,https://e27.co/startups/talentbank
218,https://e27.co/startups/i-task-pte-ltd
219,https://e27.co/startups/wahyoo
220,https://e27.co/startups/rebate-mango-pte-ltd
221,https://e27.co/startups/karyakarsa
222,https://e27.co/startups/suki-plus-technologies-inc
223,https://e27.co/startups/flow-tech
224,https://e27.co/startups/stashaway
225,https://e27.co/startups/aman
226,https://e27.co/startups/relogo-pte-ltd
227,https://e27.co/startups/headtech-1o1
228,https://e27.co/startups/thinktanker-web-ecommerce-development-company
229,https://e27.co/startups/swiftlet-co-ltd
230,https://e27.co/startups/favemy
231,https://e27.co/startups/360-degrees-property-inspections
232,https://e27.co/startups/cardup
233,https://e27.co/startups/welovesupermom
234,https://e27.co/startups/percipient
235,https://e27.co/startups/crypto-arsenal
236,https://e27.co/startups/senang
237,https://e27.co/startups/coffeestarmy
238,https://e27.co/startups/filmplace
239,https://e27.co/startups/guri
240,https://e27.co/startups/nomimarket
241,https://e27.co/startups/frank-whyte
242,https://e27.co/startups/happyfresh
243,https://e27.co/startups/maritime-technologies-r-d
244,https://e27.co/startups/awantunai
245,https://e27.co/startups/rent-connected
246,https://e27.co/startups/oak-stone-limited
247,https://e27.co/startups/billme-venture-co-ltd
248,https://e27.co/startups/alpharedservices
249,https://e27.co/startups/riskwolf
